,,Q1,,,,Q2,,,,,,,,,,,,,Q3,,,,,,,,,,,,,Q4,,,,,,,,,,,,,,,,,,,,,,,,,,
,,March,,,,April,,,,,,May,,,June,,,,July,,,,,August,,,,September,,,,October,,,,,November,,,,December,,,,January,,,,,February,,,,,,,,
Channel,Location,3/6/17,3/13/17,3/20/17,3/27/17,4/3/17,4/10/17,4/17/17,4/24/17,5/1/17,5/8/17,5/15/17,5/22/17,5/29/17,6/5/17,6/12/17,6/19/17,6/26/17,7/3/17,7/10/17,7/17/17,7/24/17,7/31/17,8/7/17,8/14/17,8/21/17,8/28/17,9/4/17,9/11/17,9/18/17,9/25/17,10/2/17,10/9/17,10/16/17,10/23/17,10/30/17,11/6/17,11/13/17,11/20/17,11/27/17,12/4/17,12/11/17,12/18/17,12/25/17,1/1/18,1/8/18,1/15/18,1/22/18,1/29/18,2/5/18,2/12/18,2/19/18,2/26/18,,,,,
,,,Pi Day,Spring Equinox,,,,Easter,,May Day,Mother's Day,,,Memorial Day,,,Summer Solstice,,Independence Day,Bastille Day,,,,,,,,,,,,,,,,,,,,,,,,,,,,,,,,,,,,,,
,,,St. Patrick's Day,,,,,,,,,,,,,,,,,,,,,,,,,,,,,,,,,,,,,,,,,,,,,,,,,,,,,,,
,,,,,,,,,,,,,,,,,,,,,,,,,,,,,,,,,,,,,,,,,,,,,,,,,,,,,,,,,,
WEB GLOBAL,,,,,,,,,,,,,,,,,,,,,,,,,,,,,,,,,,,,,,,,,,,,,,,,,,,,,,,,,,
NAV BAR,,,,,,,,,,,,,,,,,,,,,,,,,,,,,,,,,,,,,,,,,,,,,,,,,,,,,,,,,,
marthastewartwines.com,Link Copy,The Tastes of Spring,The Tastes of Spring,The Tastes of Spring,The Tastes of Spring,The Tastes of Spring,The Tastes of Spring,The Tastes of Spring,The Tastes of Spring,The Tastes of Spring,The Tastes of Spring,The Tastes of Spring,The Tastes of Spring,The Tastes of Spring,Summer Entertaining,Summer Entertaining,Summer Entertaining,Summer Entertaining,Summer Entertaining,Summer Entertaining,Summer Entertaining,Summer Entertaining,Summer Entertaining,Summer Entertaining,Summer Entertaining,Summer Entertaining,Favorite Fall Flavors,Favorite Fall Flavors,Favorite Fall Flavors,Favorite Fall Flavors,Favorite Fall Flavors,Favorite Fall Flavors,Favorite Fall Flavors,Favorite Fall Flavors,Favorite Fall Flavors,Favorite Fall Flavors,Favorite Fall Flavors,Favorite Fall Flavors,Favorite Fall Flavors,Favorite Fall Flavors,Favorite Fall Flavors,Favorite Fall Flavors,Favorite Fall Flavors,Favorite Fall Flavors,,,,,,,,,,,,,,
marthastewartwines.com,Link URL,Seasonal Landing Spring,Seasonal Landing Spring,Seasonal Landing Spring,Seasonal Landing Spring,Seasonal Landing Spring,Seasonal Landing Spring,Seasonal Landing Spring,Seasonal Landing Spring,Seasonal Landing Spring,Seasonal Landing Spring,Seasonal Landing Spring,Seasonal Landing Spring,Seasonal Landing Spring,Seasonal Landing Summer,Seasonal Landing Summer,Seasonal Landing Summer,Seasonal Landing Summer,Seasonal Landing Summer,Seasonal Landing Summer,Seasonal Landing Summer,Seasonal Landing Summer,Seasonal Landing Summer,Seasonal Landing Summer,Seasonal Landing Summer,Seasonal Landing Summer,Seasonal Landing Fall,Seasonal Landing Fall,Seasonal Landing Fall,Seasonal Landing Fall,Seasonal Landing Fall,Seasonal Landing Fall,Seasonal Landing Fall,Seasonal Landing Fall,Seasonal Landing Fall,Seasonal Landing Fall,Seasonal Landing Fall,Seasonal Landing Fall,Seasonal Landing Fall,Seasonal Landing Fall,Seasonal Landing Fall,Seasonal Landing Fall,Seasonal Landing Fall,Seasonal Landing Fall,,,,,,,,,,,,,,
FOOTER,,,,,,,,,,,,,,,,,,,,,,,,,,,,,,,,,,,,,,,,,,,,,,,,,,,,,,,,,,
marthastewartwines.com,Martha Quote (on gold),Pour the right wine. Enjoy the right wine.,Pour the right wine. Enjoy the right wine.,Pour the right wine. Enjoy the right wine.,Pour the right wine. Enjoy the right wine.,Pour the right wine. Enjoy the right wine.,Pour the right wine. Enjoy the right wine.,Pour the right wine. Enjoy the right wine.,Pour the right wine. Enjoy the right wine.,Pour the right wine. Enjoy the right wine.,Pour the right wine. Enjoy the right wine.,Pour the right wine. Enjoy the right wine.,Pour the right wine. Enjoy the right wine.,Pour the right wine. Enjoy the right wine.,Pour the right wine. Enjoy the right wine.,Pour the right wine. Enjoy the right wine.,Pour the right wine. Enjoy the right wine.,Pour the right wine. Enjoy the right wine.,Pour the right wine. Enjoy the right wine.,Pour the right wine. Enjoy the right wine.,Pour the right wine. Enjoy the right wine.,Pour the right wine. Enjoy the right wine.,Pour the right wine. Enjoy the right wine.,Pour the right wine. Enjoy the right wine.,Pour the right wine. Enjoy the right wine.,Pour the right wine. Enjoy the right wine.,Pour the right wine. Enjoy the right wine.,Pour the right wine. Enjoy the right wine.,Pour the right wine. Enjoy the right wine.,Pour the right wine. Enjoy the right wine.,Pour the right wine. Enjoy the right wine.,Pour the right wine. Enjoy the right wine.,Pour the right wine. Enjoy the right wine.,Pour the right wine. Enjoy the right wine.,Pour the right wine. Enjoy the right wine.,Pour the right wine. Enjoy the right wine.,Pour the right wine. Enjoy the right wine.,Pour the right wine. Enjoy the right wine.,Pour the right wine. Enjoy the right wine.,Pour the right wine. Enjoy the right wine.,Pour the right wine. Enjoy the right wine.,Pour the right wine. Enjoy the right wine.,Pour the right wine. Enjoy the right wine.,Pour the right wine. Enjoy the right wine.,,,,,,,,,,,,,,
WEB BY PAGE,,,,,,,,,,,,,,,,,,,,,,,,,,,,,,,,,,,,,,,,,,,,,,,,,,,,,,,,,,
HOMEPAGE,,,,,,,,,,,,,,,,,,,,,,,,,,,,,,,,,,,,,,,,,,,,,,,,,,,,,,,,,,
Hero Spot,,,,,,,,,,,,,,,,,,,,,,,,,,,,,,,,,,,,,,,,,,,,,,,,,,,,,,,,,,
marthastewartwines.com,HP Hero Spot Title Copy,The Tastes of Spring,The Tastes of Spring,The Tastes of Spring,The Tastes of Spring,The Tastes of Spring,The Tastes of Spring,The Tastes of Spring,The Tastes of Spring,The Tastes of Spring,The Tastes of Spring,The Tastes of Spring,The Tastes of Spring,The Tastes of Spring,Summer is here,Summer is here,Summer is here,Summer is here,Summer is here,Summer is here,Summer is here,Summer is here,Summer is here,Summer is here,Summer is here,Summer is here,A Flavorful Fall,A Flavorful Fall,A Flavorful Fall,A Flavorful Fall,A Flavorful Fall,A Flavorful Fall,A Flavorful Fall,A Flavorful Fall,A Flavorful Fall,A Flavorful Fall,A Flavorful Fall,A Flavorful Fall,A Flavorful Fall,A Flavorful Fall,A Flavorful Fall,A Flavorful Fall,A Flavorful Fall,A Flavorful Fall,,,,,,,,,,,,,,
marthastewartwines.com,HP Hero Spot Subcopy Title,"Are you ready for bright and fresh seasonal flavors? Check out our recipes and recommendations for spring.  ",Are you ready to enjoy the tastes of spring? Check out our recipes and recommendations this season…,Are you ready to enjoy the tastes of spring? Check out our recipes and recommendations this season…,Are you ready to enjoy the tastes of spring? Check out our recipes and recommendations this season…,Are you ready to enjoy the tastes of spring? Check out our recipes and recommendations this season…,Are you ready to enjoy the tastes of spring? Check out our recipes and recommendations this season…,Are you ready to enjoy the tastes of spring? Check out our recipes and recommendations this season…,Are you ready to enjoy the tastes of spring? Check out our recipes and recommendations this season…,Are you ready to enjoy the tastes of spring? Check out our recipes and recommendations this season…,Are you ready to enjoy the tastes of spring? Check out our recipes and recommendations this season…,Are you ready to enjoy the tastes of spring? Check out our recipes and recommendations this season…,Are you ready to enjoy the tastes of spring? Check out our recipes and recommendations this season…,Are you ready to enjoy the tastes of spring? Check out our recipes and recommendations this season…,The days are growing warmer. Find out what we are sipping for summertime...,The days are growing warmer. Find out what we are sipping for summertime…,The days are growing warmer. Find out what we are sipping for summertime…,The days are growing warmer. Find out what we are sipping for summertime…,The days are growing warmer. Find out what we are sipping for summertime…,The days are growing warmer. Find out what we are sipping for summertime…,The days are growing warmer. Find out what we are sipping for summertime…,The days are growing warmer. Find out what we are sipping for summertime…,The days are growing warmer. Find out what we are sipping for summertime…,The days are growing warmer. Find out what we are sipping for summertime…,The days are growing warmer. Find out what we are sipping for summertime…,The days are growing warmer. Find out what we are sipping for summertime…,"See our crisp, jammy wines and their pairings.","See our crisp, jammy wines and their pairings.","See our crisp, jammy wines and their pairings.","See our crisp, jammy wines and their pairings.","See our crisp, jammy wines and their pairings.","See our crisp, jammy wines and their pairings.","See our crisp, jammy wines and their pairings.","See our crisp, jammy wines and their pairings.","See our crisp, jammy wines and their pairings.","See our crisp, jammy wines and their pairings.","See our crisp, jammy wines and their pairings.","See our crisp, jammy wines and their pairings.","See our crisp, jammy wines and their pairings.","See our crisp, jammy wines and their pairings.","See our crisp, jammy wines and their pairings.","See our crisp, jammy wines and their pairings.","See our crisp, jammy wines and their pairings.","See our crisp, jammy wines and their pairings.",,,,,,,,,,,,,,
marthastewartwines.com,HP Hero Spot Photo,Martha Intro Image,Martha Intro Image,Martha Intro Image,Martha Intro Image,Martha Intro Image,Martha Intro Image,Martha Intro Image,Martha Intro Image,Martha Intro Image,Martha Intro Image,Martha Intro Image,Martha Intro Image,Martha Intro Image,Martha sipping Rose,Martha sipping Rose,Martha sipping Rose,Martha sipping Rose,Martha sipping Rose,Martha sipping Rose,Martha sipping Rose,Martha sipping Rose,Martha sipping Rose,Martha sipping Rose,Martha sipping Rose,Martha sipping Rose,Martha's Fall Favorites,Martha's Fall Favorites,Martha's Fall Favorites,Martha's Fall Favorites,Martha's Fall Favorites,Martha's Fall Favorites,Martha's Fall Favorites,Martha's Fall Favorites,Martha's Fall Favorites,Martha's Fall Favorites,Martha's Fall Favorites,Martha's Fall Favorites,Martha's Fall Favorites,Martha's Fall Favorites,Martha's Fall Favorites,Martha's Fall Favorites,Martha's Fall Favorites,Martha's Fall Favorites,,,,,,,,,,,,,,
Featured Pack Carousel,,,,,,,,,,,,,,,,,,,,,,,,,,,,,,,,,,,,,,,,,,,,,,,,,,,,,,,,,,
marthastewartwines.com,Carousel Slot 1 PreTitle Copy,6-Bottle All Red Pack,6-Bottle All Red Pack,6-Bottle All Red Pack,6-Bottle All Red Pack,6-Bottle All Red Pack,6-Bottle All Red Pack,6-Bottle All Red Pack,6-Bottle All Red Pack,6-Bottle All Red Pack,6-Bottle All Red Pack,6-Bottle All Red Pack,6-Bottle All Red Pack,6-Bottle All Red Pack,TBD,TBD,TBD,TBD,TBD,TBD,TBD,TBD,TBD,TBD,TBD,TBD,TBD,TBD,TBD,TBD,TBD,TBD,TBD,TBD,TBD,TBD,TBD,TBD,TBD,TBD,TBD,TBD,TBD,TBD,,,,,,,,,,,,,,
marthastewartwines.com,Carousel Slot 1 Title Copy,Red As Roses,Red As Roses,Red As Roses,Red As Roses,Red As Roses,Red As Roses,Red As Roses,Red As Roses,Red As Roses,Red As Roses,Red As Roses,Red As Roses,Red As Roses,TBD,TBD,TBD,TBD,TBD,TBD,TBD,TBD,TBD,TBD,TBD,TBD,TBD,TBD,TBD,TBD,TBD,TBD,TBD,TBD,TBD,TBD,TBD,TBD,TBD,TBD,TBD,TBD,TBD,TBD,,,,,,,,,,,,,,
marthastewartwines.com,Carousel Slot 1 SubTitle Copy,"Aromatic and beautiful, these 6 lovely reds come from France, Italy, Spain, and Calfornia","Aromatic and beautiful, this lovely red wine collection is a fresh, fruity bouquet of award-winning wines. ","Aromatic and beautiful, this lovely red wine collection is a fresh, fruity bouquet of award-winning wines. ","Aromatic and beautiful, this lovely red wine collection is a fresh, fruity bouquet of award-winning wines. ","Aromatic and beautiful, this lovely red wine collection is a fresh, fruity bouquet of award-winning wines. ","Aromatic and beautiful, this lovely red wine collection is a fresh, fruity bouquet of award-winning wines. ","Aromatic and beautiful, this lovely red wine collection is a fresh, fruity bouquet of award-winning wines. ","Aromatic and beautiful, this lovely red wine collection is a fresh, fruity bouquet of award-winning wines. ","Aromatic and beautiful, this lovely red wine collection is a fresh, fruity bouquet of award-winning wines. ","Aromatic and beautiful, this lovely red wine collection is a fresh, fruity bouquet of award-winning wines. ","Aromatic and beautiful, this lovely red wine collection is a fresh, fruity bouquet of award-winning wines. ","Aromatic and beautiful, this lovely red wine collection is a fresh, fruity bouquet of award-winning wines. ","Aromatic and beautiful, this lovely red wine collection is a fresh, fruity bouquet of award-winning wines. ",TBD,TBD,TBD,TBD,TBD,TBD,TBD,TBD,TBD,TBD,TBD,TBD,TBD,TBD,TBD,TBD,TBD,TBD,TBD,TBD,TBD,TBD,TBD,TBD,TBD,TBD,TBD,TBD,TBD,TBD,,,,,,,,,,,,,,
marthastewartwines.com,Carousel Slot 1 Image,(Pack) Red As Roses,(Pack) Red As Roses pack,(Pack) Red As Roses pack,(Pack) Red As Roses pack,(Pack) Red As Roses pack,(Pack) Red As Roses pack,(Pack) Red As Roses pack,(Pack) Red As Roses pack,(Pack) Red As Roses pack,(Pack) Red As Roses pack,(Pack) Red As Roses pack,(Pack) Red As Roses pack,(Pack) Red As Roses pack,TBD,TBD,TBD,TBD,TBD,TBD,TBD,TBD,TBD,TBD,TBD,TBD,TBD,TBD,TBD,TBD,TBD,TBD,TBD,TBD,TBD,TBD,TBD,TBD,TBD,TBD,TBD,TBD,TBD,TBD,,,,,,,,,,,,,,
marthastewartwines.com,Carousel Slot 2 PreTitle Copy,6-Bottle All White Pack,6-Bottle All White Pack,6-Bottle All White Pack,6-Bottle All White Pack,6-Bottle All White Pack,6-Bottle All White Pack,6-Bottle All White Pack,6-Bottle All White Pack,6-Bottle All White Pack,6-Bottle All White Pack,6-Bottle All White Pack,6-Bottle All White Pack,6-Bottle All White Pack,6-Bottle All White Pack,6-Bottle All White Pack,6-Bottle All White Pack,6-Bottle All White Pack,6-Bottle All White Pack,6-Bottle All White Pack,6-Bottle All White Pack,6-Bottle All White Pack,6-Bottle All White Pack,6-Bottle All White Pack,6-Bottle All White Pack,6-Bottle All White Pack,6-Bottle All White Pack,6-Bottle All White Pack,6-Bottle All White Pack,6-Bottle All White Pack,6-Bottle All White Pack,6-Bottle All White Pack,6-Bottle All White Pack,6-Bottle All White Pack,6-Bottle All White Pack,6-Bottle All White Pack,6-Bottle All White Pack,6-Bottle All White Pack,6-Bottle All White Pack,6-Bottle All White Pack,6-Bottle All White Pack,6-Bottle All White Pack,6-Bottle All White Pack,6-Bottle All White Pack,,,,,,,,,,,,,,
marthastewartwines.com,Carousel Slot 2 Title Copy,Worldly Whites,Worldly Whites,Worldly Whites,Worldly Whites,Worldly Whites,Worldly Whites,Worldly Whites,Worldly Whites,Worldly Whites,Worldly Whites,Worldly Whites,Worldly Whites,Worldly Whites,Worldly Whites,Worldly Whites,Worldly Whites,Worldly Whites,Worldly Whites,Worldly Whites,Worldly Whites,Worldly Whites,Worldly Whites,Worldly Whites,Worldly Whites,Worldly Whites,Worldly Whites,Worldly Whites,Worldly Whites,Worldly Whites,Worldly Whites,Worldly Whites,Worldly Whites,Worldly Whites,Worldly Whites,Worldly Whites,Worldly Whites,Worldly Whites,Worldly Whites,Worldly Whites,Worldly Whites,Worldly Whites,Worldly Whites,Worldly Whites,,,,,,,,,,,,,,
marthastewartwines.com,Carousel Slot 2 SubTitle Copy,Our Worldly Whites pack contains our most popular bottles for the white wine lover.,Our Worldly Whites pack contains our most popular bottles for the white wine lover.,Our Worldly Whites pack contains our most popular bottles for the white wine lover.,Our Worldly Whites pack contains our most popular bottles for the white wine lover.,Our Worldly Whites pack contains our most popular bottles for the white wine lover.,Our Worldly Whites pack contains our most popular bottles for the white wine lover.,Our Worldly Whites pack contains our most popular bottles for the white wine lover.,Our Worldly Whites pack contains our most popular bottles for the white wine lover.,Our Worldly Whites pack contains our most popular bottles for the white wine lover.,Our Worldly Whites pack contains our most popular bottles for the white wine lover.,Our Worldly Whites pack contains our most popular bottles for the white wine lover.,Our Worldly Whites pack contains our most popular bottles for the white wine lover.,Our Worldly Whites pack contains our most popular bottles for the white wine lover.,Our Worldly Whites pack contains our most popular bottles for the white wine lover.,Our Worldly Whites pack contains our most popular bottles for the white wine lover.,Our Worldly Whites pack contains our most popular bottles for the white wine lover.,Our Worldly Whites pack contains our most popular bottles for the white wine lover.,Our Worldly Whites pack contains our most popular bottles for the white wine lover.,Our Worldly Whites pack contains our most popular bottles for the white wine lover.,Our Worldly Whites pack contains our most popular bottles for the white wine lover.,Our Worldly Whites pack contains our most popular bottles for the white wine lover.,Our Worldly Whites pack contains our most popular bottles for the white wine lover.,Our Worldly Whites pack contains our most popular bottles for the white wine lover.,Our Worldly Whites pack contains our most popular bottles for the white wine lover.,Our Worldly Whites pack contains our most popular bottles for the white wine lover.,Our Worldly Whites pack contains our most popular bottles for the white wine lover.,Our Worldly Whites pack contains our most popular bottles for the white wine lover.,Our Worldly Whites pack contains our most popular bottles for the white wine lover.,Our Worldly Whites pack contains our most popular bottles for the white wine lover.,Our Worldly Whites pack contains our most popular bottles for the white wine lover.,Our Worldly Whites pack contains our most popular bottles for the white wine lover.,Our Worldly Whites pack contains our most popular bottles for the white wine lover.,Our Worldly Whites pack contains our most popular bottles for the white wine lover.,Our Worldly Whites pack contains our most popular bottles for the white wine lover.,Our Worldly Whites pack contains our most popular bottles for the white wine lover.,Our Worldly Whites pack contains our most popular bottles for the white wine lover.,Our Worldly Whites pack contains our most popular bottles for the white wine lover.,Our Worldly Whites pack contains our most popular bottles for the white wine lover.,Our Worldly Whites pack contains our most popular bottles for the white wine lover.,Our Worldly Whites pack contains our most popular bottles for the white wine lover.,Our Worldly Whites pack contains our most popular bottles for the white wine lover.,Our Worldly Whites pack contains our most popular bottles for the white wine lover.,Our Worldly Whites pack contains our most popular bottles for the white wine lover.,,,,,,,,,,,,,,
marthastewartwines.com,Carousel Slot 2 Image,(Pack) All Whites,(Pack) All Whites,(Pack) All Whites,(Pack) All Whites,(Pack) All Whites,(Pack) All Whites,(Pack) All Whites,(Pack) All Whites,(Pack) All Whites,(Pack) All Whites,(Pack) All Whites,(Pack) All Whites,(Pack) All Whites,(Pack) All Whites,(Pack) All Whites,(Pack) All Whites,(Pack) All Whites,(Pack) All Whites,(Pack) All Whites,(Pack) All Whites,(Pack) All Whites,(Pack) All Whites,(Pack) All Whites,(Pack) All Whites,(Pack) All Whites,(Pack) All Whites,(Pack) All Whites,(Pack) All Whites,(Pack) All Whites,(Pack) All Whites,(Pack) All Whites,(Pack) All Whites,(Pack) All Whites,(Pack) All Whites,(Pack) All Whites,(Pack) All Whites,(Pack) All Whites,(Pack) All Whites,(Pack) All Whites,(Pack) All Whites,(Pack) All Whites,(Pack) All Whites,(Pack) All Whites,,,,,,,,,,,,,,
marthastewartwines.com,Carousel Slot 3 PreTitle Copy,6-Bottle Mixed Pack,6-Bottle Mixed Pack,6-Bottle Mixed Pack,6-Bottle Mixed Pack,6-Bottle Mixed Pack,6-Bottle Mixed Pack,6-Bottle Mixed Pack,6-Bottle Mixed Pack,6-Bottle Mixed Pack,6-Bottle Mixed Pack,6-Bottle Mixed Pack,6-Bottle Mixed Pack,6-Bottle Mixed Pack,6-Bottle Mixed Pack,6-Bottle Mixed Pack,6-Bottle Mixed Pack,6-Bottle Mixed Pack,6-Bottle Mixed Pack,6-Bottle Mixed Pack,6-Bottle Mixed Pack,6-Bottle Mixed Pack,6-Bottle Mixed Pack,6-Bottle Mixed Pack,6-Bottle Mixed Pack,6-Bottle Mixed Pack,6-Bottle Mixed Pack,6-Bottle Mixed Pack,6-Bottle Mixed Pack,6-Bottle Mixed Pack,6-Bottle Mixed Pack,6-Bottle Mixed Pack,6-Bottle Mixed Pack,6-Bottle Mixed Pack,6-Bottle Mixed Pack,6-Bottle Mixed Pack,6-Bottle Mixed Pack,6-Bottle Mixed Pack,6-Bottle Mixed Pack,6-Bottle Mixed Pack,6-Bottle Mixed Pack,6-Bottle Mixed Pack,6-Bottle Mixed Pack,6-Bottle Mixed Pack,,,,,,,,,,,,,,
marthastewartwines.com,Carousel Slot 3 Title Copy,The Sunshine Pack,The Sunshine Pack,The Sunshine Pack,The Sunshine Pack,The Sunshine Pack,The Sunshine Pack,The Sunshine Pack,The Sunshine Pack,The Sunshine Pack,The Sunshine Pack,The Sunshine Pack,The Sunshine Pack,The Sunshine Pack,The Sunshine Pack,The Sunshine Pack,The Sunshine Pack,The Sunshine Pack,The Sunshine Pack,The Sunshine Pack,The Sunshine Pack,The Sunshine Pack,The Sunshine Pack,The Sunshine Pack,The Sunshine Pack,The Sunshine Pack,The Sunshine Pack,The Sunshine Pack,The Sunshine Pack,The Sunshine Pack,The Sunshine Pack,The Sunshine Pack,The Sunshine Pack,The Sunshine Pack,The Sunshine Pack,The Sunshine Pack,The Sunshine Pack,The Sunshine Pack,The Sunshine Pack,The Sunshine Pack,The Sunshine Pack,The Sunshine Pack,The Sunshine Pack,The Sunshine Pack,,,,,,,,,,,,,,
marthastewartwines.com,Carousel Slot 3 SubTitle Copy,Feel the Pacific Ocean breeze when you uncork the fruity reds and refreshing whites in this selection of sun-nurtured California wines. Palm frond not included.,Feel the Pacific Ocean breeze when you uncork the fruity reds and refreshing whites in this selection of sun-nurtured California wines. Palm frond not included.,Feel the Pacific Ocean breeze when you uncork the fruity reds and refreshing whites in this selection of sun-nurtured California wines. Palm frond not included.,Feel the Pacific Ocean breeze when you uncork the fruity reds and refreshing whites in this selection of sun-nurtured California wines. Palm frond not included.,Feel the Pacific Ocean breeze when you uncork the fruity reds and refreshing whites in this selection of sun-nurtured California wines. Palm frond not included.,Feel the Pacific Ocean breeze when you uncork the fruity reds and refreshing whites in this selection of sun-nurtured California wines. Palm frond not included.,Feel the Pacific Ocean breeze when you uncork the fruity reds and refreshing whites in this selection of sun-nurtured California wines. Palm frond not included.,Feel the Pacific Ocean breeze when you uncork the fruity reds and refreshing whites in this selection of sun-nurtured California wines. Palm frond not included.,Feel the Pacific Ocean breeze when you uncork the fruity reds and refreshing whites in this selection of sun-nurtured California wines. Palm frond not included.,Feel the Pacific Ocean breeze when you uncork the fruity reds and refreshing whites in this selection of sun-nurtured California wines. Palm frond not included.,Feel the Pacific Ocean breeze when you uncork the fruity reds and refreshing whites in this selection of sun-nurtured California wines. Palm frond not included.,Feel the Pacific Ocean breeze when you uncork the fruity reds and refreshing whites in this selection of sun-nurtured California wines. Palm frond not included.,Feel the Pacific Ocean breeze when you uncork the fruity reds and refreshing whites in this selection of sun-nurtured California wines. Palm frond not included.,Feel the Pacific Ocean breeze when you uncork the fruity reds and refreshing whites in this selection of sun-nurtured California wines. Palm frond not included.,Feel the Pacific Ocean breeze when you uncork the fruity reds and refreshing whites in this selection of sun-nurtured California wines. Palm frond not included.,Feel the Pacific Ocean breeze when you uncork the fruity reds and refreshing whites in this selection of sun-nurtured California wines. Palm frond not included.,Feel the Pacific Ocean breeze when you uncork the fruity reds and refreshing whites in this selection of sun-nurtured California wines. Palm frond not included.,Feel the Pacific Ocean breeze when you uncork the fruity reds and refreshing whites in this selection of sun-nurtured California wines. Palm frond not included.,Feel the Pacific Ocean breeze when you uncork the fruity reds and refreshing whites in this selection of sun-nurtured California wines. Palm frond not included.,Feel the Pacific Ocean breeze when you uncork the fruity reds and refreshing whites in this selection of sun-nurtured California wines. Palm frond not included.,Feel the Pacific Ocean breeze when you uncork the fruity reds and refreshing whites in this selection of sun-nurtured California wines. Palm frond not included.,Feel the Pacific Ocean breeze when you uncork the fruity reds and refreshing whites in this selection of sun-nurtured California wines. Palm frond not included.,Feel the Pacific Ocean breeze when you uncork the fruity reds and refreshing whites in this selection of sun-nurtured California wines. Palm frond not included.,Feel the Pacific Ocean breeze when you uncork the fruity reds and refreshing whites in this selection of sun-nurtured California wines. Palm frond not included.,Feel the Pacific Ocean breeze when you uncork the fruity reds and refreshing whites in this selection of sun-nurtured California wines. Palm frond not included.,Feel the Pacific Ocean breeze when you uncork the fruity reds and refreshing whites in this selection of sun-nurtured California wines. Palm frond not included.,Feel the Pacific Ocean breeze when you uncork the fruity reds and refreshing whites in this selection of sun-nurtured California wines. Palm frond not included.,Feel the Pacific Ocean breeze when you uncork the fruity reds and refreshing whites in this selection of sun-nurtured California wines. Palm frond not included.,Feel the Pacific Ocean breeze when you uncork the fruity reds and refreshing whites in this selection of sun-nurtured California wines. Palm frond not included.,Feel the Pacific Ocean breeze when you uncork the fruity reds and refreshing whites in this selection of sun-nurtured California wines. Palm frond not included.,Feel the Pacific Ocean breeze when you uncork the fruity reds and refreshing whites in this selection of sun-nurtured California wines. Palm frond not included.,Feel the Pacific Ocean breeze when you uncork the fruity reds and refreshing whites in this selection of sun-nurtured California wines. Palm frond not included.,Feel the Pacific Ocean breeze when you uncork the fruity reds and refreshing whites in this selection of sun-nurtured California wines. Palm frond not included.,Feel the Pacific Ocean breeze when you uncork the fruity reds and refreshing whites in this selection of sun-nurtured California wines. Palm frond not included.,Feel the Pacific Ocean breeze when you uncork the fruity reds and refreshing whites in this selection of sun-nurtured California wines. Palm frond not included.,Feel the Pacific Ocean breeze when you uncork the fruity reds and refreshing whites in this selection of sun-nurtured California wines. Palm frond not included.,Feel the Pacific Ocean breeze when you uncork the fruity reds and refreshing whites in this selection of sun-nurtured California wines. Palm frond not included.,Feel the Pacific Ocean breeze when you uncork the fruity reds and refreshing whites in this selection of sun-nurtured California wines. Palm frond not included.,Feel the Pacific Ocean breeze when you uncork the fruity reds and refreshing whites in this selection of sun-nurtured California wines. Palm frond not included.,Feel the Pacific Ocean breeze when you uncork the fruity reds and refreshing whites in this selection of sun-nurtured California wines. Palm frond not included.,Feel the Pacific Ocean breeze when you uncork the fruity reds and refreshing whites in this selection of sun-nurtured California wines. Palm frond not included.,Feel the Pacific Ocean breeze when you uncork the fruity reds and refreshing whites in this selection of sun-nurtured California wines. Palm frond not included.,Feel the Pacific Ocean breeze when you uncork the fruity reds and refreshing whites in this selection of sun-nurtured California wines. Palm frond not included.,,,,,,,,,,,,,,
marthastewartwines.com,Carousel Slot 3 Image,(Pack) California,(Pack) California,(Pack) California,(Pack) California,(Pack) California,(Pack) California,(Pack) California,(Pack) California,(Pack) California,(Pack) California,(Pack) California,(Pack) California,(Pack) California,(Pack) California,(Pack) California,(Pack) California,(Pack) California,(Pack) California,(Pack) California,(Pack) California,(Pack) California,(Pack) California,(Pack) California,(Pack) California,(Pack) California,(Pack) California,(Pack) California,(Pack) California,(Pack) California,(Pack) California,(Pack) California,(Pack) California,(Pack) California,(Pack) California,(Pack) California,(Pack) California,(Pack) California,(Pack) California,(Pack) California,(Pack) California,(Pack) California,(Pack) California,(Pack) California,,,,,,,,,,,,,,
marthastewartwines.com,Carousel Slot 4 PreTitle Copy,6-Bottle Mixed Pack,6-Bottle Mixed Pack,6-Bottle Mixed Pack,6-Bottle Mixed Pack,6-Bottle Mixed Pack,6-Bottle Mixed Pack,6-Bottle Mixed Pack,6-Bottle Mixed Pack,6-Bottle Mixed Pack,6-Bottle Mixed Pack,6-Bottle Mixed Pack,6-Bottle Mixed Pack,6-Bottle Mixed Pack,6-Bottle Mixed Pack,6-Bottle Mixed Pack,6-Bottle Mixed Pack,6-Bottle Mixed Pack,6-Bottle Mixed Pack,6-Bottle Mixed Pack,6-Bottle Mixed Pack,6-Bottle Mixed Pack,6-Bottle Mixed Pack,6-Bottle Mixed Pack,6-Bottle Mixed Pack,6-Bottle Mixed Pack,6-Bottle Mixed Pack,6-Bottle Mixed Pack,6-Bottle Mixed Pack,6-Bottle Mixed Pack,6-Bottle Mixed Pack,6-Bottle Mixed Pack,6-Bottle Mixed Pack,6-Bottle Mixed Pack,6-Bottle Mixed Pack,6-Bottle Mixed Pack,6-Bottle Mixed Pack,6-Bottle Mixed Pack,6-Bottle Mixed Pack,6-Bottle Mixed Pack,6-Bottle Mixed Pack,6-Bottle Mixed Pack,6-Bottle Mixed Pack,6-Bottle Mixed Pack,,,,,,,,,,,,,,
marthastewartwines.com,Carousel Slot 4 Title Copy,Martha's Picks,Martha's Picks,Martha's Picks,Martha's Picks,Martha's Picks,Martha's Picks,Martha's Picks,Martha's Picks,Martha's Picks,Martha's Picks,Martha's Picks,Martha's Picks,Martha's Picks,Martha's Picks,Martha's Picks,Martha's Picks,Martha's Picks,Martha's Picks,Martha's Picks,Martha's Picks,Martha's Picks,Martha's Picks,Martha's Picks,Martha's Picks,Martha's Picks,Martha's Picks,Martha's Picks,Martha's Picks,Martha's Picks,Martha's Picks,Martha's Picks,Martha's Picks,Martha's Picks,Martha's Picks,Martha's Picks,Martha's Picks,Martha's Picks,Martha's Picks,Martha's Picks,Martha's Picks,Martha's Picks,Martha's Picks,Martha's Picks,,,,,,,,,,,,,,
marthastewartwines.com,Carousel Slot 4 SubTitle Copy,"Start with six Martha’s picks—including a Gold Medal-winner from one of California’s oldest Zinfandel plantings, an organic Italian white, and a stylish Malbec-based French Rosé.","Start with six Martha’s picks—including a Gold Medal-winner from one of California’s oldest Zinfandel plantings, an organic Italian white, and a stylish Malbec-based French Rosé.","Start with six Martha’s picks—including a Gold Medal-winner from one of California’s oldest Zinfandel plantings, an organic Italian white, and a stylish Malbec-based French Rosé.","Start with six Martha’s picks—including a Gold Medal-winner from one of California’s oldest Zinfandel plantings, an organic Italian white, and a stylish Malbec-based French Rosé.","Start with six Martha’s picks—including a Gold Medal-winner from one of California’s oldest Zinfandel plantings, an organic Italian white, and a stylish Malbec-based French Rosé.","Start with six Martha’s picks—including a Gold Medal-winner from one of California’s oldest Zinfandel plantings, an organic Italian white, and a stylish Malbec-based French Rosé.","Start with six Martha’s picks—including a Gold Medal-winner from one of California’s oldest Zinfandel plantings, an organic Italian white, and a stylish Malbec-based French Rosé.","Start with six Martha’s picks—including a Gold Medal-winner from one of California’s oldest Zinfandel plantings, an organic Italian white, and a stylish Malbec-based French Rosé.","Start with six Martha’s picks—including a Gold Medal-winner from one of California’s oldest Zinfandel plantings, an organic Italian white, and a stylish Malbec-based French Rosé.","Start with six Martha’s picks—including a Gold Medal-winner from one of California’s oldest Zinfandel plantings, an organic Italian white, and a stylish Malbec-based French Rosé.","Start with six Martha’s picks—including a Gold Medal-winner from one of California’s oldest Zinfandel plantings, an organic Italian white, and a stylish Malbec-based French Rosé.","Start with six Martha’s picks—including a Gold Medal-winner from one of California’s oldest Zinfandel plantings, an organic Italian white, and a stylish Malbec-based French Rosé.","Start with six Martha’s picks—including a Gold Medal-winner from one of California’s oldest Zinfandel plantings, an organic Italian white, and a stylish Malbec-based French Rosé.","Start with six Martha’s picks—including a Gold Medal-winner from one of California’s oldest Zinfandel plantings, an organic Italian white, and a stylish Malbec-based French Rosé.","Start with six Martha’s picks—including a Gold Medal-winner from one of California’s oldest Zinfandel plantings, an organic Italian white, and a stylish Malbec-based French Rosé.","Start with six Martha’s picks—including a Gold Medal-winner from one of California’s oldest Zinfandel plantings, an organic Italian white, and a stylish Malbec-based French Rosé.","Start with six Martha’s picks—including a Gold Medal-winner from one of California’s oldest Zinfandel plantings, an organic Italian white, and a stylish Malbec-based French Rosé.","Start with six Martha’s picks—including a Gold Medal-winner from one of California’s oldest Zinfandel plantings, an organic Italian white, and a stylish Malbec-based French Rosé.","Start with six Martha’s picks—including a Gold Medal-winner from one of California’s oldest Zinfandel plantings, an organic Italian white, and a stylish Malbec-based French Rosé.","Start with six Martha’s picks—including a Gold Medal-winner from one of California’s oldest Zinfandel plantings, an organic Italian white, and a stylish Malbec-based French Rosé.","Start with six Martha’s picks—including a Gold Medal-winner from one of California’s oldest Zinfandel plantings, an organic Italian white, and a stylish Malbec-based French Rosé.","Start with six Martha’s picks—including a Gold Medal-winner from one of California’s oldest Zinfandel plantings, an organic Italian white, and a stylish Malbec-based French Rosé.","Start with six Martha’s picks—including a Gold Medal-winner from one of California’s oldest Zinfandel plantings, an organic Italian white, and a stylish Malbec-based French Rosé.","Start with six Martha’s picks—including a Gold Medal-winner from one of California’s oldest Zinfandel plantings, an organic Italian white, and a stylish Malbec-based French Rosé.","Start with six Martha’s picks—including a Gold Medal-winner from one of California’s oldest Zinfandel plantings, an organic Italian white, and a stylish Malbec-based French Rosé.","Start with six Martha’s picks—including a Gold Medal-winner from one of California’s oldest Zinfandel plantings, an organic Italian white, and a stylish Malbec-based French Rosé.","Start with six Martha’s picks—including a Gold Medal-winner from one of California’s oldest Zinfandel plantings, an organic Italian white, and a stylish Malbec-based French Rosé.","Start with six Martha’s picks—including a Gold Medal-winner from one of California’s oldest Zinfandel plantings, an organic Italian white, and a stylish Malbec-based French Rosé.","Start with six Martha’s picks—including a Gold Medal-winner from one of California’s oldest Zinfandel plantings, an organic Italian white, and a stylish Malbec-based French Rosé.","Start with six Martha’s picks—including a Gold Medal-winner from one of California’s oldest Zinfandel plantings, an organic Italian white, and a stylish Malbec-based French Rosé.","Start with six Martha’s picks—including a Gold Medal-winner from one of California’s oldest Zinfandel plantings, an organic Italian white, and a stylish Malbec-based French Rosé.","Start with six Martha’s picks—including a Gold Medal-winner from one of California’s oldest Zinfandel plantings, an organic Italian white, and a stylish Malbec-based French Rosé.","Start with six Martha’s picks—including a Gold Medal-winner from one of California’s oldest Zinfandel plantings, an organic Italian white, and a stylish Malbec-based French Rosé.","Start with six Martha’s picks—including a Gold Medal-winner from one of California’s oldest Zinfandel plantings, an organic Italian white, and a stylish Malbec-based French Rosé.","Start with six Martha’s picks—including a Gold Medal-winner from one of California’s oldest Zinfandel plantings, an organic Italian white, and a stylish Malbec-based French Rosé.","Start with six Martha’s picks—including a Gold Medal-winner from one of California’s oldest Zinfandel plantings, an organic Italian white, and a stylish Malbec-based French Rosé.","Start with six Martha’s picks—including a Gold Medal-winner from one of California’s oldest Zinfandel plantings, an organic Italian white, and a stylish Malbec-based French Rosé.","Start with six Martha’s picks—including a Gold Medal-winner from one of California’s oldest Zinfandel plantings, an organic Italian white, and a stylish Malbec-based French Rosé.","Start with six Martha’s picks—including a Gold Medal-winner from one of California’s oldest Zinfandel plantings, an organic Italian white, and a stylish Malbec-based French Rosé.","Start with six Martha’s picks—including a Gold Medal-winner from one of California’s oldest Zinfandel plantings, an organic Italian white, and a stylish Malbec-based French Rosé.","Start with six Martha’s picks—including a Gold Medal-winner from one of California’s oldest Zinfandel plantings, an organic Italian white, and a stylish Malbec-based French Rosé.","Start with six Martha’s picks—including a Gold Medal-winner from one of California’s oldest Zinfandel plantings, an organic Italian white, and a stylish Malbec-based French Rosé.","Start with six Martha’s picks—including a Gold Medal-winner from one of California’s oldest Zinfandel plantings, an organic Italian white, and a stylish Malbec-based French Rosé.",,,,,,,,,,,,,,
marthastewartwines.com,Carousel Slot 4 Image,(Pack) Martha's Picks,(Pack) Martha's Picks,(Pack) Martha's Picks,(Pack) Martha's Picks,(Pack) Martha's Picks,(Pack) Martha's Picks,(Pack) Martha's Picks,(Pack) Martha's Picks,(Pack) Martha's Picks,(Pack) Martha's Picks,(Pack) Martha's Picks,(Pack) Martha's Picks,(Pack) Martha's Picks,(Pack) Martha's Picks,(Pack) Martha's Picks,(Pack) Martha's Picks,(Pack) Martha's Picks,(Pack) Martha's Picks,(Pack) Martha's Picks,(Pack) Martha's Picks,(Pack) Martha's Picks,(Pack) Martha's Picks,(Pack) Martha's Picks,(Pack) Martha's Picks,(Pack) Martha's Picks,(Pack) Martha's Picks,(Pack) Martha's Picks,(Pack) Martha's Picks,(Pack) Martha's Picks,(Pack) Martha's Picks,(Pack) Martha's Picks,(Pack) Martha's Picks,(Pack) Martha's Picks,(Pack) Martha's Picks,(Pack) Martha's Picks,(Pack) Martha's Picks,(Pack) Martha's Picks,(Pack) Martha's Picks,(Pack) Martha's Picks,(Pack) Martha's Picks,(Pack) Martha's Picks,(Pack) Martha's Picks,(Pack) Martha's Picks,,,,,,,,,,,,,,
marthastewartwines.com,Carousel Slot 5 Title Copy,,,,,,,,,,,,,,,,,,,,,,,,,,,,,,,,,,,,,,,,,,,,,,,,,,,,,,,,,
marthastewartwines.com,Carousel Slot 5 SubTitle Copy,,,,,,,,,,,,,,,,,,,,,,,,,,,,,,,,,,,,,,,,,,,,,,,,,,,,,,,,,
marthastewartwines.com,Carousel Slot 5 Image,,,,,,,,,,,,,,,,,,,,,,,,,,,,,,,,,,,,,,,,,,,,,,,,,,,,,,,,,
,,,,,,,,,,,,,,,,,,,,,,,,,,,,,,,,,,,,,,,,,,,,,,,,,,,,,,,,,,
Video Section,,,,,,,,,,,,,,,,,,,,,,,,,,,,,,,,,,,,,,,,,,,,,,,,,,,,,,,,,,
marthastewartwines.com,Video Embedded,Intro Video,Intro Video,Intro Video,Intro Video,Intro Video,Intro Video,Intro Video,Intro Video,Intro Video,Intro Video,Intro Video,Intro Video,Intro Video,Intro Video,Intro Video,Intro Video,Intro Video,Intro Video,Intro Video,Intro Video,Intro Video,Intro Video,Intro Video,Intro Video,Intro Video,Intro Video,Intro Video,Intro Video,Intro Video,Intro Video,Intro Video,Intro Video,Intro Video,Intro Video,Intro Video,Intro Video,Intro Video,Intro Video,Intro Video,Intro Video,Intro Video,Intro Video,Intro Video,,,,,,,,,,,,,,
Featured Bottle Section,,,,,,,,,,,,,,,,,,,,,,,,,,,,,,,,,,,,,,,,,,,,,,,,,,,,,,,,,,
marthastewartwines.com,Shop Picks Pre Title,A Personal Collection,A Personal Collection,A Personal Collection,A Personal Collection,A Personal Collection,A Personal Collection,A Personal Collection,A Personal Collection,A Personal Collection,A Personal Collection,A Personal Collection,A Personal Collection,A Personal Collection,A Personal Collection,A Personal Collection,A Personal Collection,A Personal Collection,A Personal Collection,A Personal Collection,A Personal Collection,A Personal Collection,A Personal Collection,A Personal Collection,A Personal Collection,A Personal Collection,A Personal Collection,A Personal Collection,A Personal Collection,A Personal Collection,A Personal Collection,A Personal Collection,A Personal Collection,A Personal Collection,A Personal Collection,A Personal Collection,A Personal Collection,A Personal Collection,A Personal Collection,A Personal Collection,A Personal Collection,A Personal Collection,A Personal Collection,A Personal Collection,,,,,,,,,,,,,,
marthastewartwines.com,Shop Picks Title Copy,Martha's Picks,Martha's Picks,Martha's Picks,Martha's Picks,Martha's Picks,Martha's Picks,Martha's Picks,Martha's Picks,Martha's Picks,Martha's Picks,Martha's Picks,Martha's Picks,Martha's Picks,Martha's Picks,Martha's Picks,Martha's Picks,Martha's Picks,Martha's Picks,Martha's Picks,Martha's Picks,Martha's Picks,Martha's Picks,Martha's Picks,Martha's Picks,Martha's Picks,Martha's Picks,Martha's Picks,Martha's Picks,Martha's Picks,Martha's Picks,Martha's Picks,Martha's Picks,Martha's Picks,Martha's Picks,Martha's Picks,Martha's Picks,Martha's Picks,Martha's Picks,Martha's Picks,Martha's Picks,Martha's Picks,Martha's Picks,Martha's Picks,,,,,,,,,,,,,,
marthastewartwines.com,Shop Picks SubTitle Copy,"These are Martha’s favorite wines from our cellar. Find out why when you click through—there are tasting videos, flavor notes, and recipes for the perfect pairings.","These are Martha’s favorite wines from our cellar. Find out why when you click through—there are tasting videos, flavor notes, and recipes for the perfect pairings.","These are Martha’s favorite wines from our cellar. Find out why when you click through—there are tasting videos, flavor notes, and recipes for the perfect pairings.","These are Martha’s favorite wines from our cellar. Find out why when you click through—there are tasting videos, flavor notes, and recipes for the perfect pairings.","These are Martha’s favorite wines from our cellar. Find out why when you click through—there are tasting videos, flavor notes, and recipes for the perfect pairings.","These are Martha’s favorite wines from our cellar. Find out why when you click through—there are tasting videos, flavor notes, and recipes for the perfect pairings.","These are Martha’s favorite wines from our cellar. Find out why when you click through—there are tasting videos, flavor notes, and recipes for the perfect pairings.","These are Martha’s favorite wines from our cellar. Find out why when you click through—there are tasting videos, flavor notes, and recipes for the perfect pairings.","These are Martha’s favorite wines from our cellar. Find out why when you click through—there are tasting videos, flavor notes, and recipes for the perfect pairings.","These are Martha’s favorite wines from our cellar. Find out why when you click through—there are tasting videos, flavor notes, and recipes for the perfect pairings.","These are Martha’s favorite wines from our cellar. Find out why when you click through—there are tasting videos, flavor notes, and recipes for the perfect pairings.","These are Martha’s favorite wines from our cellar. Find out why when you click through—there are tasting videos, flavor notes, and recipes for the perfect pairings.","These are Martha’s favorite wines from our cellar. Find out why when you click through—there are tasting videos, flavor notes, and recipes for the perfect pairings.","These are Martha’s favorite wines from our cellar. Find out why when you click through—there are tasting videos, flavor notes, and recipes for the perfect pairings.","These are Martha’s favorite wines from our cellar. Find out why when you click through—there are tasting videos, flavor notes, and recipes for the perfect pairings.","These are Martha’s favorite wines from our cellar. Find out why when you click through—there are tasting videos, flavor notes, and recipes for the perfect pairings.","These are Martha’s favorite wines from our cellar. Find out why when you click through—there are tasting videos, flavor notes, and recipes for the perfect pairings.","These are Martha’s favorite wines from our cellar. Find out why when you click through—there are tasting videos, flavor notes, and recipes for the perfect pairings.","These are Martha’s favorite wines from our cellar. Find out why when you click through—there are tasting videos, flavor notes, and recipes for the perfect pairings.","These are Martha’s favorite wines from our cellar. Find out why when you click through—there are tasting videos, flavor notes, and recipes for the perfect pairings.","These are Martha’s favorite wines from our cellar. Find out why when you click through—there are tasting videos, flavor notes, and recipes for the perfect pairings.","These are Martha’s favorite wines from our cellar. Find out why when you click through—there are tasting videos, flavor notes, and recipes for the perfect pairings.","These are Martha’s favorite wines from our cellar. Find out why when you click through—there are tasting videos, flavor notes, and recipes for the perfect pairings.","These are Martha’s favorite wines from our cellar. Find out why when you click through—there are tasting videos, flavor notes, and recipes for the perfect pairings.","These are Martha’s favorite wines from our cellar. Find out why when you click through—there are tasting videos, flavor notes, and recipes for the perfect pairings.","These are Martha’s favorite wines from our cellar. Find out why when you click through—there are tasting videos, flavor notes, and recipes for the perfect pairings.","These are Martha’s favorite wines from our cellar. Find out why when you click through—there are tasting videos, flavor notes, and recipes for the perfect pairings.","These are Martha’s favorite wines from our cellar. Find out why when you click through—there are tasting videos, flavor notes, and recipes for the perfect pairings.","These are Martha’s favorite wines from our cellar. Find out why when you click through—there are tasting videos, flavor notes, and recipes for the perfect pairings.","These are Martha’s favorite wines from our cellar. Find out why when you click through—there are tasting videos, flavor notes, and recipes for the perfect pairings.","These are Martha’s favorite wines from our cellar. Find out why when you click through—there are tasting videos, flavor notes, and recipes for the perfect pairings.","These are Martha’s favorite wines from our cellar. Find out why when you click through—there are tasting videos, flavor notes, and recipes for the perfect pairings.","These are Martha’s favorite wines from our cellar. Find out why when you click through—there are tasting videos, flavor notes, and recipes for the perfect pairings.","These are Martha’s favorite wines from our cellar. Find out why when you click through—there are tasting videos, flavor notes, and recipes for the perfect pairings.","These are Martha’s favorite wines from our cellar. Find out why when you click through—there are tasting videos, flavor notes, and recipes for the perfect pairings.","These are Martha’s favorite wines from our cellar. Find out why when you click through—there are tasting videos, flavor notes, and recipes for the perfect pairings.","These are Martha’s favorite wines from our cellar. Find out why when you click through—there are tasting videos, flavor notes, and recipes for the perfect pairings.","These are Martha’s favorite wines from our cellar. Find out why when you click through—there are tasting videos, flavor notes, and recipes for the perfect pairings.","These are Martha’s favorite wines from our cellar. Find out why when you click through—there are tasting videos, flavor notes, and recipes for the perfect pairings.","These are Martha’s favorite wines from our cellar. Find out why when you click through—there are tasting videos, flavor notes, and recipes for the perfect pairings.","These are Martha’s favorite wines from our cellar. Find out why when you click through—there are tasting videos, flavor notes, and recipes for the perfect pairings.","These are Martha’s favorite wines from our cellar. Find out why when you click through—there are tasting videos, flavor notes, and recipes for the perfect pairings.","These are Martha’s favorite wines from our cellar. Find out why when you click through—there are tasting videos, flavor notes, and recipes for the perfect pairings.",,,,,,,,,,,,,,
marthastewartwines.com,Featured Wine SKU 1,Cala De Poeti Sangiovese,Cala De Poeti Sangiovese,Cala De Poeti Sangiovese,Cala De Poeti Sangiovese,Cala De Poeti Sangiovese,Cala De Poeti Sangiovese,Cala De Poeti Sangiovese,Cala De Poeti Sangiovese,Cala De Poeti Sangiovese,Cala De Poeti Sangiovese,Cala De Poeti Sangiovese,Cala De Poeti Sangiovese,Cala De Poeti Sangiovese,Cala De Poeti Sangiovese,Cala De Poeti Sangiovese,Cala De Poeti Sangiovese,Cala De Poeti Sangiovese,Cala De Poeti Sangiovese,Cala De Poeti Sangiovese,Cala De Poeti Sangiovese,Cala De Poeti Sangiovese,Cala De Poeti Sangiovese,Cala De Poeti Sangiovese,Cala De Poeti Sangiovese,Cala De Poeti Sangiovese,Cala De Poeti Sangiovese,Cala De Poeti Sangiovese,Cala De Poeti Sangiovese,Cala De Poeti Sangiovese,Cala De Poeti Sangiovese,Cala De Poeti Sangiovese,Cala De Poeti Sangiovese,Cala De Poeti Sangiovese,Cala De Poeti Sangiovese,Cala De Poeti Sangiovese,Cala De Poeti Sangiovese,Cala De Poeti Sangiovese,Cala De Poeti Sangiovese,Cala De Poeti Sangiovese,Cala De Poeti Sangiovese,Cala De Poeti Sangiovese,Cala De Poeti Sangiovese,Cala De Poeti Sangiovese,,,,,,,,,,,,,,
marthastewartwines.com,Featured Wine SKU 2,Cepage Sauvignon Blanc,Cepage Sauvignon Blanc,Cepage Sauvignon Blanc,Cepage Sauvignon Blanc,Cepage Sauvignon Blanc,Cepage Sauvignon Blanc,Cepage Sauvignon Blanc,Cepage Sauvignon Blanc,Cepage Sauvignon Blanc,Cepage Sauvignon Blanc,Cepage Sauvignon Blanc,Cepage Sauvignon Blanc,Cepage Sauvignon Blanc,Cepage Sauvignon Blanc,Cepage Sauvignon Blanc,Cepage Sauvignon Blanc,Cepage Sauvignon Blanc,Cepage Sauvignon Blanc,Cepage Sauvignon Blanc,Cepage Sauvignon Blanc,Cepage Sauvignon Blanc,Cepage Sauvignon Blanc,Cepage Sauvignon Blanc,Cepage Sauvignon Blanc,Cepage Sauvignon Blanc,Cepage Sauvignon Blanc,Cepage Sauvignon Blanc,Cepage Sauvignon Blanc,Cepage Sauvignon Blanc,Cepage Sauvignon Blanc,Cepage Sauvignon Blanc,Cepage Sauvignon Blanc,Cepage Sauvignon Blanc,Cepage Sauvignon Blanc,Cepage Sauvignon Blanc,Cepage Sauvignon Blanc,Cepage Sauvignon Blanc,Cepage Sauvignon Blanc,Cepage Sauvignon Blanc,Cepage Sauvignon Blanc,Cepage Sauvignon Blanc,Cepage Sauvignon Blanc,Cepage Sauvignon Blanc,,,,,,,,,,,,,,
marthastewartwines.com,Featured Wine SKU 3,Villa Ruby,Villa Ruby,Villa Ruby,Villa Ruby,Villa Ruby,Villa Ruby,Villa Ruby,Villa Ruby,Villa Ruby,Villa Ruby,Villa Ruby,Villa Ruby,Villa Ruby,Villa Ruby,Villa Ruby,Villa Ruby,Villa Ruby,Villa Ruby,Villa Ruby,Villa Ruby,Villa Ruby,Villa Ruby,Villa Ruby,Villa Ruby,Villa Ruby,Villa Ruby,Villa Ruby,Villa Ruby,Villa Ruby,Villa Ruby,Villa Ruby,Villa Ruby,Villa Ruby,Villa Ruby,Villa Ruby,Villa Ruby,Villa Ruby,Villa Ruby,Villa Ruby,Villa Ruby,Villa Ruby,Villa Ruby,Villa Ruby,,,,,,,,,,,,,,
marthastewartwines.com,Button Copy,Shop Martha's Picks,Shop Martha's Picks,Shop Martha's Picks,Shop Martha's Picks,Shop Martha's Picks,Shop Martha's Picks,Shop Martha's Picks,Shop Martha's Picks,Shop Martha's Picks,Shop Martha's Picks,Shop Martha's Picks,Shop Martha's Picks,Shop Martha's Picks,Shop Martha's Picks,Shop Martha's Picks,Shop Martha's Picks,Shop Martha's Picks,Shop Martha's Picks,Shop Martha's Picks,Shop Martha's Picks,Shop Martha's Picks,Shop Martha's Picks,Shop Martha's Picks,Shop Martha's Picks,Shop Martha's Picks,Shop Martha's Picks,Shop Martha's Picks,Shop Martha's Picks,Shop Martha's Picks,Shop Martha's Picks,Shop Martha's Picks,Shop Martha's Picks,Shop Martha's Picks,Shop Martha's Picks,Shop Martha's Picks,Shop Martha's Picks,Shop Martha's Picks,Shop Martha's Picks,Shop Martha's Picks,Shop Martha's Picks,Shop Martha's Picks,Shop Martha's Picks,Shop Martha's Picks,,,,,,,,,,,,,,
marthastewartwines.com,Button URL,Martha's Pick Filtered Product List,Martha's Pick Filtered Product List,Martha's Pick Filtered Product List,Martha's Pick Filtered Product List,Martha's Pick Filtered Product List,Martha's Pick Filtered Product List,Martha's Pick Filtered Product List,Martha's Pick Filtered Product List,Martha's Pick Filtered Product List,Martha's Pick Filtered Product List,Martha's Pick Filtered Product List,Martha's Pick Filtered Product List,Martha's Pick Filtered Product List,Martha's Pick Filtered Product List,Martha's Pick Filtered Product List,Martha's Pick Filtered Product List,Martha's Pick Filtered Product List,Martha's Pick Filtered Product List,Martha's Pick Filtered Product List,Martha's Pick Filtered Product List,Martha's Pick Filtered Product List,Martha's Pick Filtered Product List,Martha's Pick Filtered Product List,Martha's Pick Filtered Product List,Martha's Pick Filtered Product List,Martha's Pick Filtered Product List,Martha's Pick Filtered Product List,Martha's Pick Filtered Product List,Martha's Pick Filtered Product List,Martha's Pick Filtered Product List,Martha's Pick Filtered Product List,Martha's Pick Filtered Product List,Martha's Pick Filtered Product List,Martha's Pick Filtered Product List,Martha's Pick Filtered Product List,Martha's Pick Filtered Product List,Martha's Pick Filtered Product List,Martha's Pick Filtered Product List,Martha's Pick Filtered Product List,Martha's Pick Filtered Product List,Martha's Pick Filtered Product List,Martha's Pick Filtered Product List,Martha's Pick Filtered Product List,,,,,,,,,,,,,,
,,,,,,,,,,,,,,,,,,,,,,,,,,,,,,,,,,,,,,,,,,,,,,,,,,,,,,,,,,
Related Content,,,,,,,,,,,,,,,,,,,,,,,,,,,,,,,,,,,,,,,,,,,,,,,,,,,,,,,,,,
marthastewartwines.com,Content 1 Pre Title Copy,Warm Weather Tips,Warm Weather Tips,Warm Weather Tips,Warm Weather Tips,Warm Weather Tips,Warm Weather Tips,Warm Weather Tips,Warm Weather Tips,Warm Weather Tips,Warm Weather Tips,Warm Weather Tips,Warm Weather Tips,Warm Weather Tricks,TBD,TBD,TBD,TBD,TBD,TBD,TBD,TBD,TBD,TBD,TBD,TBD,TBD,TBD,TBD,TBD,TBD,TBD,TBD,TBD,TBD,TBD,TBD,TBD,TBD,TBD,TBD,TBD,TBD,TBD,,,,,,,,,,,,,,
marthastewartwines.com,Content 1 Title Copy,For A Quick Chill,For A Quick Chill,For A Quick Chill,For A Quick Chill,For A Quick Chill,For A Quick Chill,For A Quick Chill,For A Quick Chill,For A Quick Chill,For A Quick Chill,For A Quick Chill,For A Quick Chill,A Quick-Chill Tip,TBD,TBD,TBD,TBD,TBD,TBD,TBD,TBD,TBD,TBD,TBD,TBD,TBD,TBD,TBD,TBD,TBD,TBD,TBD,TBD,TBD,TBD,TBD,TBD,TBD,TBD,TBD,TBD,TBD,TBD,,,,,,,,,,,,,,
marthastewartwines.com,Content 1 Sub Title Copy,"Make the most of the sunny days ahead with these fresh and refreshing ideas for white wine, including a tip for chilling it quickly.","Make the most of the sunny days ahead with these fresh and refreshing ideas for white wine, including a tip for chilling it quickly.","Make the most of the sunny days ahead with these fresh and refreshing ideas for white wine, including a tip for chilling it quickly.","Make the most of the sunny days ahead with these fresh and refreshing ideas for white wine, including a tip for chilling it quickly.","Make the most of the sunny days ahead with these fresh and refreshing ideas for white wine, including a tip for chilling it quickly.","Make the most of the sunny days ahead with these fresh and refreshing ideas for white wine, including a tip for chilling it quickly.","Make the most of the sunny days ahead with these fresh and refreshing ideas for white wine, including a tip for chilling it quickly.","Make the most of the sunny days ahead with these fresh and refreshing ideas for white wine, including a tip for chilling it quickly.","Make the most of the sunny days ahead with these fresh and refreshing ideas for white wine, including a tip for chilling it quickly.","Make the most of the sunny days ahead with these fresh and refreshing ideas for white wine, including a tip for chilling it quickly.","Make the most of the sunny days ahead with these fresh and refreshing ideas for white wine, including a tip for chilling it quickly.","Make the most of the sunny days ahead with these fresh and refreshing ideas for white wine, including a tip for chilling it quickly.","The days are growing longer, the nights are getting warmer. Make the most of the sunny days ahead with these fresh and refreshing ideas for white wine, including a tip to chill it quickly.",TBD,TBD,TBD,TBD,TBD,TBD,TBD,TBD,TBD,TBD,TBD,TBD,TBD,TBD,TBD,TBD,TBD,TBD,TBD,TBD,TBD,TBD,TBD,TBD,TBD,TBD,TBD,TBD,TBD,TBD,,,,,,,,,,,,,,
marthastewartwines.com,Content 2 Pre Title Copy,Perfect Pairings,Perfect Pairings,Perfect Pairings,Perfect Pairings,Perfect Pairings,Perfect Pairings,Perfect Pairings,Perfect Pairings,Perfect Pairings,Perfect Pairings,Perfect Pairings,Perfect Pairings,Perfect Pairings,TBD,TBD,TBD,TBD,TBD,TBD,TBD,TBD,TBD,TBD,TBD,TBD,TBD,TBD,TBD,TBD,TBD,TBD,TBD,TBD,TBD,TBD,TBD,TBD,TBD,TBD,TBD,TBD,TBD,TBD,,,,,,,,,,,,,,
marthastewartwines.com,Content 2 Title Copy,Great Together,Great Together,Great Together,Great Together,Great Together,Great Together,Great Together,Great Together,Great Together,Great Together,Great Together,Great Together,Go Great Together,TBD,TBD,TBD,TBD,TBD,TBD,TBD,TBD,TBD,TBD,TBD,TBD,TBD,TBD,TBD,TBD,TBD,TBD,TBD,TBD,TBD,TBD,TBD,TBD,TBD,TBD,TBD,TBD,TBD,TBD,,,,,,,,,,,,,,
marthastewartwines.com,Content 2 Sub Title Copy,"Favorite meals, meet your match. Martha’s simple guide for classic and innovative wine pairings will help you pour the perfect wine every time.","Favorite meals, meet your match. Martha’s simple guide for classic and innovative wine pairings will help you pour the perfect wine every time.","Favorite meals, meet your match. Martha’s simple guide for classic and innovative wine pairings will help you pour the perfect wine every time.","Favorite meals, meet your match. Martha’s simple guide for classic and innovative wine pairings will help you pour the perfect wine every time.","Favorite meals, meet your match. Martha’s simple guide for classic and innovative wine pairings will help you pour the perfect wine every time.","Favorite meals, meet your match. Martha’s simple guide for classic and innovative wine pairings will help you pour the perfect wine every time.","Favorite meals, meet your match. Martha’s simple guide for classic and innovative wine pairings will help you pour the perfect wine every time.","Favorite meals, meet your match. Martha’s simple guide for classic and innovative wine pairings will help you pour the perfect wine every time.","Favorite meals, meet your match. Martha’s simple guide for classic and innovative wine pairings will help you pour the perfect wine every time.","Favorite meals, meet your match. Martha’s simple guide for classic and innovative wine pairings will help you pour the perfect wine every time.","Favorite meals, meet your match. Martha’s simple guide for classic and innovative wine pairings will help you pour the perfect wine every time.","Favorite meals, meet your match. Martha’s simple guide for classic and innovative wine pairings will help you pour the perfect wine every time.",Your favorite meals will meet their match with this simple guide for classic and innovative wine pairings. Martha’s guide will help you to pour the perfect wine every time.,TBD,TBD,TBD,TBD,TBD,TBD,TBD,TBD,TBD,TBD,TBD,TBD,TBD,TBD,TBD,TBD,TBD,TBD,TBD,TBD,TBD,TBD,TBD,TBD,TBD,TBD,TBD,TBD,TBD,TBD,,,,,,,,,,,,,,
,,,,,,,,,,,,,,,,,,,,,,,,,,,,,,,,,,,,,,,,,,,,,,,,,,,,,,,,,,
SEASONAL LANDING PAGE,,,,,,,,,,,,,,,,,,,,,,,,,,,,,,,,,,,,,,,,,,,,,,,,,,,,,,,,,,
Hero Spot,,,,,,,,,,,,,,,,,,,,,,,,,,,,,,,,,,,,,,,,,,,,,,,,,,,,,,,,,,
marthastewartwines.com,Title Copy,Fresh Spring Wines,Fresh Spring Wines,Fresh Spring Wines,Fresh Spring Wines,Fresh Spring Wines,Fresh Spring Wines,Fresh Spring Wines,Fresh Spring Wines,Fresh Spring Wines,Fresh Spring Wines,Fresh Spring Wines,Fresh Spring Wines,Fresh Spring Wines,Summer Worth Sipping,Summer Worth Sipping,Summer Worth Sipping,Summer Worth Sipping,Summer Worth Sipping,Summer Worth Sipping,Summer Worth Sipping,Summer Worth Sipping,Summer Worth Sipping,Summer Worth Sipping,Summer Worth Sipping,Summer Worth Sipping,Summer Worth Sipping,Summer Worth Sipping,Summer Worth Sipping,Summer Worth Sipping,Summer Worth Sipping,Summer Worth Sipping,Summer Worth Sipping,Summer Worth Sipping,Summer Worth Sipping,Summer Worth Sipping,Summer Worth Sipping,Summer Worth Sipping,Summer Worth Sipping,Summer Worth Sipping,Summer Worth Sipping,Summer Worth Sipping,Summer Worth Sipping,Summer Worth Sipping,,,,,,,,,,,,,,
marthastewartwines.com,Seasonal Sub Title Copy,Celebrate Spring with these refreshing and aromatic pairings for the season's sunniest occasions. ,"It’s spring, so we are pouring our favorite aromatic, fresh red wines that pair with the season’s popular meals and holidays.","It’s spring, so we are pouring our favorite aromatic, fresh red wines that pair with the season’s popular meals and holidays.","It’s spring, so we are pouring our favorite aromatic, fresh red wines that pair with the season’s popular meals and holidays.","It’s spring, so we are pouring our favorite aromatic, fresh red wines that pair with the season’s popular meals and holidays.","It’s spring, so we are pouring our favorite aromatic, fresh red wines that pair with the season’s popular meals and holidays.","It’s spring, so we are pouring our favorite aromatic, fresh red wines that pair with the season’s popular meals and holidays.","It’s spring, so we are pouring our favorite aromatic, fresh red wines that pair with the season’s popular meals and holidays.","It’s spring, so we are pouring our favorite aromatic, fresh red wines that pair with the season’s popular meals and holidays.","It’s spring, so we are pouring our favorite aromatic, fresh red wines that pair with the season’s popular meals and holidays.","It’s spring, so we are pouring our favorite aromatic, fresh red wines that pair with the season’s popular meals and holidays.","It’s spring, so we are pouring our favorite aromatic, fresh red wines that pair with the season’s popular meals and holidays.","It’s spring, so we are pouring our favorite aromatic, fresh red wines that pair with the season’s popular meals and holidays.",TBD,TBD,TBD,TBD,TBD,TBD,TBD,TBD,TBD,TBD,TBD,TBD,TBD,TBD,TBD,TBD,TBD,TBD,TBD,TBD,TBD,TBD,TBD,TBD,TBD,TBD,TBD,TBD,TBD,TBD,,,,,,,,,,,,,,
Featured Wine Triptych,,,,,,,,,,,,,,,,,,,,,,,,,,,,,,,,,,,,,,,,,,,,,,,,,,,,,,,,,,
marthastewartwines.com,Featured Wine SKU 1,Cala De Poeti Maremma Toscana 2014,Cala De Poeti Maremma Toscana 2014,Cala De Poeti Maremma Toscana 2015,Cala De Poeti Maremma Toscana 2016,Cala De Poeti Maremma Toscana 2017,Cala De Poeti Maremma Toscana 2018,Cala De Poeti Maremma Toscana 2019,Cala De Poeti Maremma Toscana 2020,Cala De Poeti Maremma Toscana 2021,Cala De Poeti Maremma Toscana 2022,Cala De Poeti Maremma Toscana 2023,Cala De Poeti Maremma Toscana 2024,Cala De Poeti Maremma Toscana 2025,TBD,TBD,TBD,TBD,TBD,TBD,TBD,TBD,TBD,TBD,TBD,TBD,TBD,TBD,TBD,TBD,TBD,TBD,TBD,TBD,TBD,TBD,TBD,TBD,TBD,TBD,TBD,TBD,TBD,TBD,,,,,,,,,,,,,,
marthastewartwines.com,Featured Wine SKU 2,Stone & Glass Wines Pinot Noir 2015 - California ,Stone & Glass Wines Pinot Noir 2015 - California ,Stone & Glass Wines Pinot Noir 2015 - California ,Stone & Glass Wines Pinot Noir 2015 - California ,Stone & Glass Wines Pinot Noir 2015 - California ,Stone & Glass Wines Pinot Noir 2015 - California ,Stone & Glass Wines Pinot Noir 2015 - California ,Stone & Glass Wines Pinot Noir 2015 - California ,Stone & Glass Wines Pinot Noir 2015 - California ,Stone & Glass Wines Pinot Noir 2015 - California ,Stone & Glass Wines Pinot Noir 2015 - California ,Stone & Glass Wines Pinot Noir 2015 - California ,Stone & Glass Wines Pinot Noir 2015 - California ,TBD,TBD,TBD,TBD,TBD,TBD,TBD,TBD,TBD,TBD,TBD,TBD,TBD,TBD,TBD,TBD,TBD,TBD,TBD,TBD,TBD,TBD,TBD,TBD,TBD,TBD,TBD,TBD,TBD,TBD,,,,,,,,,,,,,,
marthastewartwines.com,Featured Wine SKU 3,Kepe Tempranillo,Kepe Tempranillo,Kepe Tempranillo,Kepe Tempranillo,Kepe Tempranillo,Kepe Tempranillo,Kepe Tempranillo,Kepe Tempranillo,Kepe Tempranillo,Kepe Tempranillo,Kepe Tempranillo,Kepe Tempranillo,Kepe Tempranillo,TBD,TBD,TBD,TBD,TBD,TBD,TBD,TBD,TBD,TBD,TBD,TBD,TBD,TBD,TBD,TBD,TBD,TBD,TBD,TBD,TBD,TBD,TBD,TBD,TBD,TBD,TBD,TBD,TBD,TBD,,,,,,,,,,,,,,
Seasonal Tips Triptych,,,,,,,,,,,,,,,,,,,,,,,,,,,,,,,,,,,,,,,,,,,,,,,,,,,,,,,,,,
marthastewartwines.com,Tips Pre-Title Copy,Learn more from our,Learn more from our,Learn more from our,Learn more from our,Learn more from our,Learn more from our,Learn more from our,Learn more from our,Learn more from our,Learn more from our,Learn more from our,Learn more from our,Learn more from our,TBD,TBD,TBD,TBD,TBD,TBD,TBD,TBD,TBD,TBD,TBD,TBD,TBD,TBD,TBD,TBD,TBD,TBD,TBD,TBD,TBD,TBD,TBD,TBD,TBD,TBD,TBD,TBD,TBD,TBD,,,,,,,,,,,,,,
marthastewartwines.com,Tips Title Copy,Seasonal Tips,Seasonal Tips,Seasonal Tips,Seasonal Tips,Seasonal Tips,Seasonal Tips,Seasonal Tips,Seasonal Tips,Seasonal Tips,Seasonal Tips,Seasonal Tips,Seasonal Tips,Seasonal Tips,TBD,TBD,TBD,TBD,TBD,TBD,TBD,TBD,TBD,TBD,TBD,TBD,TBD,TBD,TBD,TBD,TBD,TBD,TBD,TBD,TBD,TBD,TBD,TBD,TBD,TBD,TBD,TBD,TBD,TBD,,,,,,,,,,,,,,
marthastewartwines.com,Tips Sub-title Copy,TBD,TBD,TBD,TBD,TBD,TBD,TBD,TBD,TBD,TBD,TBD,TBD,TBD,TBD,TBD,TBD,TBD,TBD,TBD,TBD,TBD,TBD,TBD,TBD,TBD,TBD,TBD,TBD,TBD,TBD,TBD,TBD,TBD,TBD,TBD,TBD,TBD,TBD,TBD,TBD,TBD,TBD,TBD,,,,,,,,,,,,,,
marthastewartwines.com,Tip 1 Title Copy,TBD,TBD,TBD,TBD,TBD,TBD,TBD,TBD,TBD,TBD,TBD,TBD,TBD,TBD,TBD,TBD,TBD,TBD,TBD,TBD,TBD,TBD,TBD,TBD,TBD,TBD,TBD,TBD,TBD,TBD,TBD,TBD,TBD,TBD,TBD,TBD,TBD,TBD,TBD,TBD,TBD,TBD,TBD,,,,,,,,,,,,,,
marthastewartwines.com,Tip 1 SubTitle Copy,TBD,TBD,TBD,TBD,TBD,TBD,TBD,TBD,TBD,TBD,TBD,TBD,TBD,TBD,TBD,TBD,TBD,TBD,TBD,TBD,TBD,TBD,TBD,TBD,TBD,TBD,TBD,TBD,TBD,TBD,TBD,TBD,TBD,TBD,TBD,TBD,TBD,TBD,TBD,TBD,TBD,TBD,TBD,,,,,,,,,,,,,,
marthastewartwines.com,Tip 2 Title Copy,For A Quick Chill,For A Quick Chill,For A Quick Chill,For A Quick Chill,For A Quick Chill,For A Quick Chill,For A Quick Chill,For A Quick Chill,For A Quick Chill,For A Quick Chill,For A Quick Chill,For A Quick Chill,For A Quick Chill,TBD,TBD,TBD,TBD,TBD,TBD,TBD,TBD,TBD,TBD,TBD,TBD,TBD,TBD,TBD,TBD,TBD,TBD,TBD,TBD,TBD,TBD,TBD,TBD,TBD,TBD,TBD,TBD,TBD,TBD,,,,,,,,,,,,,,
marthastewartwines.com,Tip 2 SubTitle Copy,"Why wait for your white wine? Use this tip to chill it quickly.  ",Why wait for your white wine? Chill it quickly using this tip.,Why wait for your white wine? Chill it quickly using this tip.,Why wait for your white wine? Chill it quickly using this tip.,Why wait for your white wine? Chill it quickly using this tip.,Why wait for your white wine? Chill it quickly using this tip.,Why wait for your white wine? Chill it quickly using this tip.,Why wait for your white wine? Chill it quickly using this tip.,Why wait for your white wine? Chill it quickly using this tip.,Why wait for your white wine? Chill it quickly using this tip.,Why wait for your white wine? Chill it quickly using this tip.,Why wait for your white wine? Chill it quickly using this tip.,Why wait for your white wine? Chill it quickly using this tip.,TBD,TBD,TBD,TBD,TBD,TBD,TBD,TBD,TBD,TBD,TBD,TBD,TBD,TBD,TBD,TBD,TBD,TBD,TBD,TBD,TBD,TBD,TBD,TBD,TBD,TBD,TBD,TBD,TBD,TBD,,,,,,,,,,,,,,
marthastewartwines.com,Tip 3 Title Copy,TBD,TBD,TBD,TBD,TBD,TBD,TBD,TBD,TBD,TBD,TBD,TBD,TBD,TBD,TBD,TBD,TBD,TBD,TBD,TBD,TBD,TBD,TBD,TBD,TBD,TBD,TBD,TBD,TBD,TBD,TBD,TBD,TBD,TBD,TBD,TBD,TBD,TBD,TBD,TBD,TBD,TBD,TBD,,,,,,,,,,,,,,
marthastewartwines.com,Tip 3 SubTitle Copy,TBD,TBD,TBD,TBD,TBD,TBD,TBD,TBD,TBD,TBD,TBD,TBD,TBD,TBD,TBD,TBD,TBD,TBD,TBD,TBD,TBD,TBD,TBD,TBD,TBD,TBD,TBD,TBD,TBD,TBD,TBD,TBD,TBD,TBD,TBD,TBD,TBD,TBD,TBD,TBD,TBD,TBD,TBD,,,,,,,,,,,,,,
,,,,,,,,,,,,,,,,,,,,,,,,,,,,,,,,,,,,,,,,,,,,,,,,,,,,,,,,,,
Seasonal Recipes Carousel,,,,,,,,,,,,,,,,,,,,,,,,,,,,,,,,,,,,,,,,,,,,,,,,,,,,,,,,,,
marthastewartwines.com,Gallery 1 PreTitle Copy,,,,,,,,,,,,,,,,,,,,,,,,,,,,,,,,,,,,,,,,,,,,,,,,,,,,,,,,,
marthastewartwines.com,Gallery 1 Title Copy,,,,,,,,,,,,,,,,,,,,,,,,,,,,,,,,,,,,,,,,,,,,,,,,,,,,,,,,,
marthastewartwines.com,Gallery 1 SubTitle Cop,,,,,,,,,,,,,,,,,,,,,,,,,,,,,,,,,,,,,,,,,,,,,,,,,,,,,,,,,
marthastewartwines.com,Gallery 2 PreTitle Copy,,,,,,,,,,,,,,,,,,,,,,,,,,,,,,,,,,,,,,,,,,,,,,,,,,,,,,,,,
marthastewartwines.com,Gallery 2 Title Copy,,,,,,,,,,,,,,,,,,,,,,,,,,,,,,,,,,,,,,,,,,,,,,,,,,,,,,,,,
marthastewartwines.com,Gallery 2 SubTitle Cop,,,,,,,,,,,,,,,,,,,,,,,,,,,,,,,,,,,,,,,,,,,,,,,,,,,,,,,,,
marthastewartwines.com,Gallery 3 PreTitle Copy,,,,,,,,,,,,,,,,,,,,,,,,,,,,,,,,,,,,,,,,,,,,,,,,,,,,,,,,,
marthastewartwines.com,Gallery 3 Title Copy,,,,,,,,,,,,,,,,,,,,,,,,,,,,,,,,,,,,,,,,,,,,,,,,,,,,,,,,,
marthastewartwines.com,Gallery 3 SubTitle Cop,,,,,,,,,,,,,,,,,,,,,,,,,,,,,,,,,,,,,,,,,,,,,,,,,,,,,,,,,
,,,,,,,,,,,,,,,,,,,,,,,,,,,,,,,,,,,,,,,,,,,,,,,,,,,,,,,,,,
EXPLORE LANDING PAGE,,,,,,,,,,,,,,,,,,,,,,,,,,,,,,,,,,,,,,,,,,,,,,,,,,,,,,,,,,
Hero Spot,,,,,,,,,,,,,,,,,,,,,,,,,,,,,,,,,,,,,,,,,,,,,,,,,,,,,,,,,,
marthastewartwines.com,Title Copy,TBD,TBD,Fresh Spring Wines,Fresh Spring Wines,Fresh Spring Wines,Fresh Spring Wines,Fresh Spring Wines,Fresh Spring Wines,Fresh Spring Wines,Fresh Spring Wines,Fresh Spring Wines,Fresh Spring Wines,Fresh Spring Wines,Summer Worth Sipping,Summer Worth Sipping,Summer Worth Sipping,Summer Worth Sipping,Summer Worth Sipping,Summer Worth Sipping,Summer Worth Sipping,Summer Worth Sipping,Summer Worth Sipping,Summer Worth Sipping,Summer Worth Sipping,Summer Worth Sipping,Summer Worth Sipping,Summer Worth Sipping,Summer Worth Sipping,Summer Worth Sipping,Summer Worth Sipping,Summer Worth Sipping,Summer Worth Sipping,Summer Worth Sipping,Summer Worth Sipping,Summer Worth Sipping,Summer Worth Sipping,Summer Worth Sipping,Summer Worth Sipping,Summer Worth Sipping,Summer Worth Sipping,Summer Worth Sipping,Summer Worth Sipping,Summer Worth Sipping,,,,,,,,,,,,,,
marthastewartwines.com,Seasonal Sub Title Copy,TBD,TBD,"It’s spring, so we are pouring our favorite aromatic, fresh red wines that pair with the season’s popular meals and holidays.","It’s spring, so we are pouring our favorite aromatic, fresh red wines that pair with the season’s popular meals and holidays.","It’s spring, so we are pouring our favorite aromatic, fresh red wines that pair with the season’s popular meals and holidays.","It’s spring, so we are pouring our favorite aromatic, fresh red wines that pair with the season’s popular meals and holidays.","It’s spring, so we are pouring our favorite aromatic, fresh red wines that pair with the season’s popular meals and holidays.","It’s spring, so we are pouring our favorite aromatic, fresh red wines that pair with the season’s popular meals and holidays.","It’s spring, so we are pouring our favorite aromatic, fresh red wines that pair with the season’s popular meals and holidays.","It’s spring, so we are pouring our favorite aromatic, fresh red wines that pair with the season’s popular meals and holidays.","It’s spring, so we are pouring our favorite aromatic, fresh red wines that pair with the season’s popular meals and holidays.","It’s spring, so we are pouring our favorite aromatic, fresh red wines that pair with the season’s popular meals and holidays.","It’s spring, so we are pouring our favorite aromatic, fresh red wines that pair with the season’s popular meals and holidays.",TBD,TBD,TBD,TBD,TBD,TBD,TBD,TBD,TBD,TBD,TBD,TBD,TBD,TBD,TBD,TBD,TBD,TBD,TBD,TBD,TBD,TBD,TBD,TBD,TBD,TBD,TBD,TBD,TBD,TBD,,,,,,,,,,,,,,
Featured Wine Triptych,,,,,,,,,,,,,,,,,,,,,,,,,,,,,,,,,,,,,,,,,,,,,,,,,,,,,,,,,,
marthastewartwines.com,Featured Wine SKU 1,TBD,TBD,TBD,TBD,TBD,TBD,TBD,TBD,TBD,TBD,TBD,TBD,TBD,TBD,TBD,TBD,TBD,TBD,TBD,TBD,TBD,TBD,TBD,TBD,TBD,TBD,TBD,TBD,TBD,TBD,TBD,TBD,TBD,TBD,TBD,TBD,TBD,TBD,TBD,TBD,TBD,TBD,TBD,,,,,,,,,,,,,,
marthastewartwines.com,Featured Wine SKU 2,TBD,TBD,TBD,TBD,TBD,TBD,TBD,TBD,TBD,TBD,TBD,TBD,TBD,TBD,TBD,TBD,TBD,TBD,TBD,TBD,TBD,TBD,TBD,TBD,TBD,TBD,TBD,TBD,TBD,TBD,TBD,TBD,TBD,TBD,TBD,TBD,TBD,TBD,TBD,TBD,TBD,TBD,TBD,,,,,,,,,,,,,,
marthastewartwines.com,Featured Wine SKU 3,TBD,TBD,TBD,TBD,TBD,TBD,TBD,TBD,TBD,TBD,TBD,TBD,TBD,TBD,TBD,TBD,TBD,TBD,TBD,TBD,TBD,TBD,TBD,TBD,TBD,TBD,TBD,TBD,TBD,TBD,TBD,TBD,TBD,TBD,TBD,TBD,TBD,TBD,TBD,TBD,TBD,TBD,TBD,,,,,,,,,,,,,,
Explore Carousel ,,,,,,,,,,,,,,,,,,,,,,,,,,,,,,,,,,,,,,,,,,,,,,,,,,,,,,,,,,
marthastewartwines.com,Explore Carousel Pre-Title Copy,TBD,TBD,TBD,TBD,TBD,TBD,TBD,TBD,TBD,TBD,TBD,TBD,TBD,TBD,TBD,TBD,TBD,TBD,TBD,TBD,TBD,TBD,TBD,TBD,TBD,TBD,TBD,TBD,TBD,TBD,TBD,TBD,TBD,TBD,TBD,TBD,TBD,TBD,TBD,TBD,TBD,TBD,TBD,,,,,,,,,,,,,,
marthastewartwines.com,Explore Carousel Title Copy,TBD,TBD,TBD,TBD,TBD,TBD,TBD,TBD,TBD,TBD,TBD,TBD,TBD,TBD,TBD,TBD,TBD,TBD,TBD,TBD,TBD,TBD,TBD,TBD,TBD,TBD,TBD,TBD,TBD,TBD,TBD,TBD,TBD,TBD,TBD,TBD,TBD,TBD,TBD,TBD,TBD,TBD,TBD,,,,,,,,,,,,,,
marthastewartwines.com,Texplore Carousel Sub-title Copy,TBD,TBD,TBD,TBD,TBD,TBD,TBD,TBD,TBD,TBD,TBD,TBD,TBD,TBD,TBD,TBD,TBD,TBD,TBD,TBD,TBD,TBD,TBD,TBD,TBD,TBD,TBD,TBD,TBD,TBD,TBD,TBD,TBD,TBD,TBD,TBD,TBD,TBD,TBD,TBD,TBD,TBD,TBD,,,,,,,,,,,,,,
marthastewartwines.com,Tip 1 Title Copy,TBD,TBD,TBD,TBD,TBD,TBD,TBD,TBD,TBD,TBD,TBD,TBD,TBD,TBD,TBD,TBD,TBD,TBD,TBD,TBD,TBD,TBD,TBD,TBD,TBD,TBD,TBD,TBD,TBD,TBD,TBD,TBD,TBD,TBD,TBD,TBD,TBD,TBD,TBD,TBD,TBD,TBD,TBD,,,,,,,,,,,,,,
marthastewartwines.com,Tip 1 SubTitle Copy,TBD,TBD,TBD,TBD,TBD,TBD,TBD,TBD,TBD,TBD,TBD,TBD,TBD,TBD,TBD,TBD,TBD,TBD,TBD,TBD,TBD,TBD,TBD,TBD,TBD,TBD,TBD,TBD,TBD,TBD,TBD,TBD,TBD,TBD,TBD,TBD,TBD,TBD,TBD,TBD,TBD,TBD,TBD,,,,,,,,,,,,,,
marthastewartwines.com,Tip 2 Title Copy,TBD,TBD,TBD,TBD,TBD,TBD,TBD,TBD,TBD,TBD,TBD,TBD,TBD,TBD,TBD,TBD,TBD,TBD,TBD,TBD,TBD,TBD,TBD,TBD,TBD,TBD,TBD,TBD,TBD,TBD,TBD,TBD,TBD,TBD,TBD,TBD,TBD,TBD,TBD,TBD,TBD,TBD,TBD,,,,,,,,,,,,,,
marthastewartwines.com,Tip 2 SubTitle Copy,TBD,TBD,TBD,TBD,TBD,TBD,TBD,TBD,TBD,TBD,TBD,TBD,TBD,TBD,TBD,TBD,TBD,TBD,TBD,TBD,TBD,TBD,TBD,TBD,TBD,TBD,TBD,TBD,TBD,TBD,TBD,TBD,TBD,TBD,TBD,TBD,TBD,TBD,TBD,TBD,TBD,TBD,TBD,,,,,,,,,,,,,,
,,,,,,,,,,,,,,,,,,,,,,,,,,,,,,,,,,,,,,,,,,,,,,,,,,,,,,,,,,
Explore Recipes Carousel,,,,,,,,,,,,,,,,,,,,,,,,,,,,,,,,,,,,,,,,,,,,,,,,,,,,,,,,,,
marthastewartwines.com,Gallery 1 PreTitle Copy,TBD,TBD,TBD,TBD,TBD,TBD,TBD,TBD,TBD,TBD,TBD,TBD,TBD,TBD,TBD,TBD,TBD,TBD,TBD,TBD,TBD,TBD,TBD,TBD,TBD,TBD,TBD,TBD,TBD,TBD,TBD,TBD,TBD,TBD,TBD,TBD,TBD,TBD,TBD,TBD,TBD,TBD,TBD,,,,,,,,,,,,,,
marthastewartwines.com,Gallery 1 Title Copy,TBD,TBD,TBD,TBD,TBD,TBD,TBD,TBD,TBD,TBD,TBD,TBD,TBD,TBD,TBD,TBD,TBD,TBD,TBD,TBD,TBD,TBD,TBD,TBD,TBD,TBD,TBD,TBD,TBD,TBD,TBD,TBD,TBD,TBD,TBD,TBD,TBD,TBD,TBD,TBD,TBD,TBD,TBD,,,,,,,,,,,,,,
marthastewartwines.com,Gallery 1 SubTitle Cop,TBD,TBD,TBD,TBD,TBD,TBD,TBD,TBD,TBD,TBD,TBD,TBD,TBD,TBD,TBD,TBD,TBD,TBD,TBD,TBD,TBD,TBD,TBD,TBD,TBD,TBD,TBD,TBD,TBD,TBD,TBD,TBD,TBD,TBD,TBD,TBD,TBD,TBD,TBD,TBD,TBD,TBD,TBD,,,,,,,,,,,,,,
marthastewartwines.com,Gallery 2 PreTitle Copy,TBD,TBD,TBD,TBD,TBD,TBD,TBD,TBD,TBD,TBD,TBD,TBD,TBD,TBD,TBD,TBD,TBD,TBD,TBD,TBD,TBD,TBD,TBD,TBD,TBD,TBD,TBD,TBD,TBD,TBD,TBD,TBD,TBD,TBD,TBD,TBD,TBD,TBD,TBD,TBD,TBD,TBD,TBD,,,,,,,,,,,,,,
marthastewartwines.com,Gallery 2 Title Copy,TBD,TBD,TBD,TBD,TBD,TBD,TBD,TBD,TBD,TBD,TBD,TBD,TBD,TBD,TBD,TBD,TBD,TBD,TBD,TBD,TBD,TBD,TBD,TBD,TBD,TBD,TBD,TBD,TBD,TBD,TBD,TBD,TBD,TBD,TBD,TBD,TBD,TBD,TBD,TBD,TBD,TBD,TBD,,,,,,,,,,,,,,
marthastewartwines.com,Gallery 2 SubTitle Cop,TBD,TBD,TBD,TBD,TBD,TBD,TBD,TBD,TBD,TBD,TBD,TBD,TBD,TBD,TBD,TBD,TBD,TBD,TBD,TBD,TBD,TBD,TBD,TBD,TBD,TBD,TBD,TBD,TBD,TBD,TBD,TBD,TBD,TBD,TBD,TBD,TBD,TBD,TBD,TBD,TBD,TBD,TBD,,,,,,,,,,,,,,
marthastewartwines.com,Gallery 3 PreTitle Copy,TBD,TBD,TBD,TBD,TBD,TBD,TBD,TBD,TBD,TBD,TBD,TBD,TBD,TBD,TBD,TBD,TBD,TBD,TBD,TBD,TBD,TBD,TBD,TBD,TBD,TBD,TBD,TBD,TBD,TBD,TBD,TBD,TBD,TBD,TBD,TBD,TBD,TBD,TBD,TBD,TBD,TBD,TBD,,,,,,,,,,,,,,
marthastewartwines.com,Gallery 3 Title Copy,TBD,TBD,TBD,TBD,TBD,TBD,TBD,TBD,TBD,TBD,TBD,TBD,TBD,TBD,TBD,TBD,TBD,TBD,TBD,TBD,TBD,TBD,TBD,TBD,TBD,TBD,TBD,TBD,TBD,TBD,TBD,TBD,TBD,TBD,TBD,TBD,TBD,TBD,TBD,TBD,TBD,TBD,TBD,,,,,,,,,,,,,,
marthastewartwines.com,Gallery 3 SubTitle Cop,TBD,TBD,TBD,TBD,TBD,TBD,TBD,TBD,TBD,TBD,TBD,TBD,TBD,TBD,TBD,TBD,TBD,TBD,TBD,TBD,TBD,TBD,TBD,TBD,TBD,TBD,TBD,TBD,TBD,TBD,TBD,TBD,TBD,TBD,TBD,TBD,TBD,TBD,TBD,TBD,TBD,TBD,TBD,,,,,,,,,,,,,,